Row,collision
scenario0,0
scenario1,0
scenario2,0
scenario3,0
scenario4,0
scenario5,0
scenario6,0
scenario7,0
scenario8,0
scenario9,0
scenario10,0
scenario11,0
scenario12,0
scenario13,0
scenario14,0
scenario15,0
scenario16,0
scenario17,0
scenario18,0
scenario19,0
scenario20,0
scenario21,0
scenario22,0
scenario23,0
scenario24,0
scenario25,0
scenario26,0
scenario27,0
scenario28,0
scenario29,0
scenario30,0
scenario31,0
scenario32,0
scenario33,0
scenario34,0
scenario35,0
scenario36,0
scenario37,0
scenario38,0
scenario39,0
scenario40,0
scenario41,0
scenario42,0
scenario43,0
scenario44,0
scenario45,0
scenario46,0
scenario47,0
scenario48,0
scenario49,0
scenario50,0
scenario51,0
scenario52,0
scenario53,0
scenario54,0
scenario55,0
scenario56,0
scenario57,0
scenario58,0
scenario59,0
scenario60,0
scenario61,0
scenario62,0
scenario63,0
scenario64,0
scenario65,0
scenario66,0
scenario67,0
scenario68,0
scenario69,0
scenario70,0
scenario71,0
scenario72,0
scenario73,0
scenario74,0
scenario75,0
scenario76,0
scenario77,0
scenario78,0
scenario79,0
scenario80,0
scenario81,0
scenario82,0
scenario83,0
scenario84,0
scenario85,0
scenario86,0
scenario87,0
scenario88,0
scenario89,0
scenario90,0
scenario91,0
scenario92,0
scenario93,0
scenario94,0
scenario95,0
scenario96,0
scenario97,0
scenario98,0
scenario99,0
scenario100,0
scenario101,0
scenario102,0
scenario103,0
scenario104,0
scenario105,0
scenario106,0
scenario107,0
scenario108,0
scenario109,0
scenario110,0
scenario111,0
scenario112,0
scenario113,0
scenario114,0
scenario115,0
scenario116,0
scenario117,0
scenario118,0
scenario119,0
scenario120,0
scenario121,0
scenario122,0
scenario123,0
scenario124,0
scenario125,0
scenario126,0
scenario127,0
scenario128,0
scenario129,0
scenario130,0
scenario131,0
scenario132,0
scenario133,0
scenario134,0
scenario135,0
scenario136,0
scenario137,0
scenario138,0
scenario139,0
scenario140,0
scenario141,0
scenario142,0
scenario143,0
scenario144,0
scenario145,0
scenario146,0
scenario147,0
scenario148,0
scenario149,0
scenario150,0
scenario151,0
scenario152,0
scenario153,0
scenario154,0
scenario155,0
scenario156,0
scenario157,0
scenario158,0
scenario159,0
scenario160,0
scenario161,0
scenario162,0
scenario163,0
scenario164,0
scenario165,0
scenario166,0
scenario167,0
scenario168,0
scenario169,0
scenario170,0
scenario171,0
scenario172,0
scenario173,0
scenario174,0
scenario175,0
scenario176,0
scenario177,0
scenario178,0
scenario179,0
scenario180,0
scenario181,0
scenario182,0
scenario183,0
scenario184,0
scenario185,0
scenario186,0
scenario187,0
scenario188,0
scenario189,0
scenario190,0
scenario191,0
scenario192,0
scenario193,0
scenario194,0
scenario195,0
scenario196,0
scenario197,0
scenario198,0
scenario199,0
scenario200,0
scenario201,0
scenario202,0
scenario203,0
scenario204,0
scenario205,0
scenario206,0
scenario207,0
scenario208,0
scenario209,0
scenario210,0
scenario211,0
scenario212,0
scenario213,0
scenario214,0
scenario215,0
scenario216,0
scenario217,0
scenario218,0
scenario219,0
scenario220,0
scenario221,0
scenario222,0
scenario223,0
scenario224,0
scenario225,0
scenario226,0
scenario227,0
scenario228,0
scenario229,0
scenario230,0
scenario231,0
scenario232,0
scenario233,0
scenario234,0
scenario235,1
scenario236,0
scenario237,0
scenario238,0
scenario239,0
scenario240,0
scenario241,0
scenario242,0
scenario243,0
scenario244,0
scenario245,0
scenario246,0
scenario247,0
scenario248,0
scenario249,0
scenario250,0
scenario251,0
scenario252,0
scenario253,0
scenario254,0
scenario255,0
scenario256,0
scenario257,0
scenario258,0
scenario259,0
scenario260,0
scenario261,0
scenario262,0
scenario263,0
scenario264,0
scenario265,0
scenario266,0
scenario267,0
scenario268,0
scenario269,0
scenario270,0
scenario271,0
scenario272,0
scenario273,0
scenario274,0
scenario275,1
scenario276,0
scenario277,0
scenario278,0
scenario279,0
scenario280,0
scenario281,0
scenario282,0
scenario283,0
scenario284,0
scenario285,0
scenario286,0
scenario287,0
scenario288,0
scenario289,0
scenario290,0
scenario291,0
scenario292,0
scenario293,0
scenario294,0
scenario295,0
scenario296,0
scenario297,0
scenario298,0
scenario299,0
scenario300,0
scenario301,0
scenario302,0
scenario303,0
scenario304,0
scenario305,0
scenario306,0
scenario307,0
scenario308,0
scenario309,0
scenario310,0
scenario311,0
scenario312,0
scenario313,0
scenario314,0
scenario315,0
scenario316,0
scenario317,0
scenario318,0
scenario319,0
scenario320,0
scenario321,0
scenario322,0
scenario323,0
scenario324,0
scenario325,0
scenario326,0
scenario327,0
scenario328,0
scenario329,0
scenario330,0
scenario331,0
scenario332,0
scenario333,0
scenario334,0
scenario335,0
scenario336,0
scenario337,0
scenario338,0
scenario339,0
scenario340,0
scenario341,0
scenario342,0
scenario343,0
scenario344,0
scenario345,0
scenario346,0
scenario347,0
scenario348,0
scenario349,0
scenario350,0
scenario351,0
scenario352,0
scenario353,0
scenario354,0
scenario355,0
scenario356,0
scenario357,0
scenario358,0
scenario359,0
scenario360,0
scenario361,0
scenario362,0
scenario363,0
scenario364,0
scenario365,0
scenario366,0
scenario367,0
scenario368,0
scenario369,0
scenario370,0
scenario371,0
scenario372,0
scenario373,0
scenario374,0
scenario375,0
scenario376,0
scenario377,0
scenario378,0
scenario379,0
scenario380,0
scenario381,0
scenario382,0
scenario383,0
scenario384,0
scenario385,0
scenario386,0
scenario387,0
scenario388,0
scenario389,0
scenario390,0
scenario391,0
scenario392,0
scenario393,0
scenario394,0
scenario395,0
scenario396,0
scenario397,0
scenario398,0
scenario399,0
scenario400,0
scenario401,0
scenario402,0
scenario403,0
scenario404,1
scenario405,0
scenario406,0
scenario407,0
scenario408,0
scenario409,0
scenario410,0
scenario411,0
scenario412,0
scenario413,0
scenario414,0
scenario415,0
scenario416,0
scenario417,0
scenario418,0
scenario419,0
scenario420,0
scenario421,0
scenario422,0
scenario423,0
scenario424,0
scenario425,0
scenario426,0
scenario427,0
scenario428,0
scenario429,0
scenario430,0
scenario431,0
scenario432,0
scenario433,0
scenario434,0
scenario435,0
scenario436,0
scenario437,0
scenario438,0
scenario439,0
scenario440,0
scenario441,0
scenario442,0
scenario443,0
scenario444,0
scenario445,0
scenario446,0
scenario447,0
scenario448,0
scenario449,0
scenario450,0
scenario451,0
scenario452,0
scenario453,0
scenario454,0
scenario455,0
scenario456,0
scenario457,0
scenario458,0
scenario459,0
scenario460,0
scenario461,0
scenario462,0
scenario463,0
scenario464,0
scenario465,0
scenario466,0
scenario467,0
scenario468,0
scenario469,0
scenario470,0
scenario471,0
scenario472,0
scenario473,0
scenario474,0
scenario475,0
scenario476,0
scenario477,0
scenario478,0
scenario479,0
scenario480,0
scenario481,0
scenario482,0
scenario483,0
scenario484,0
scenario485,0
scenario486,0
scenario487,0
scenario488,0
scenario489,0
scenario490,0
scenario491,0
scenario492,0
scenario493,0
scenario494,0
scenario495,0
scenario496,0
scenario497,0
scenario498,0
scenario499,0
scenario500,0
scenario501,0
scenario502,0
scenario503,0
scenario504,0
scenario505,0
scenario506,0
scenario507,0
scenario508,0
scenario509,0
scenario510,0
scenario511,0
scenario512,0
scenario513,0
scenario514,0
scenario515,0
scenario516,0
scenario517,0
scenario518,0
scenario519,0
scenario520,0
scenario521,0
scenario522,0
scenario523,0
scenario524,0
scenario525,0
scenario526,0
scenario527,0
scenario528,0
scenario529,0
scenario530,0
scenario531,0
scenario532,0
scenario533,0
scenario534,0
scenario535,0
scenario536,0
scenario537,0
scenario538,0
scenario539,0
scenario540,0
scenario541,0
scenario542,0
scenario543,0
scenario544,0
scenario545,0
scenario546,0
scenario547,0
scenario548,0
scenario549,0
scenario550,0
scenario551,0
scenario552,0
scenario553,0
scenario554,0
scenario555,0
scenario556,0
scenario557,0
scenario558,0
scenario559,0
scenario560,0
scenario561,0
scenario562,0
scenario563,0
scenario564,0
scenario565,0
scenario566,0
scenario567,0
scenario568,0
scenario569,0
scenario570,0
scenario571,0
scenario572,0
scenario573,0
scenario574,0
scenario575,0
scenario576,0
scenario577,0
scenario578,0
scenario579,0
scenario580,0
scenario581,0
scenario582,0
scenario583,0
scenario584,0
scenario585,0
scenario586,0
scenario587,0
scenario588,0
scenario589,0
scenario590,0
scenario591,0
scenario592,0
scenario593,0
scenario594,0
scenario595,0
scenario596,0
scenario597,0
scenario598,0
scenario599,0
scenario600,0
scenario601,0
scenario602,0
scenario603,0
scenario604,0
scenario605,0
scenario606,0
scenario607,0
scenario608,0
scenario609,0
scenario610,0
scenario611,0
scenario612,0
scenario613,0
scenario614,0
scenario615,0
scenario616,0
scenario617,0
scenario618,0
scenario619,0
scenario620,0
scenario621,0
scenario622,0
scenario623,0
scenario624,0
scenario625,0
scenario626,0
scenario627,0
scenario628,0
scenario629,0
scenario630,0
scenario631,0
scenario632,0
scenario633,0
scenario634,0
scenario635,0
scenario636,0
scenario637,0
scenario638,0
scenario639,0
scenario640,0
scenario641,0
scenario642,0
scenario643,0
scenario644,0
scenario645,0
scenario646,0
scenario647,0
scenario648,0
scenario649,0
scenario650,0
scenario651,0
scenario652,0
scenario653,0
scenario654,0
scenario655,0
scenario656,0
scenario657,0
scenario658,0
scenario659,0
scenario660,0
scenario661,0
scenario662,0
scenario663,0
scenario664,0
scenario665,0
scenario666,0
scenario667,0
scenario668,0
scenario669,0
scenario670,0
scenario671,0
scenario672,0
scenario673,0
scenario674,0
scenario675,0
scenario676,0
scenario677,0
scenario678,0
scenario679,0
scenario680,0
scenario681,0
scenario682,0
scenario683,0
scenario684,0
scenario685,0
scenario686,0
scenario687,0
scenario688,0
scenario689,0
scenario690,0
scenario691,0
scenario692,0
scenario693,0
scenario694,0
scenario695,0
scenario696,0
scenario697,0
scenario698,0
scenario699,0
scenario700,0
scenario701,0
scenario702,0
scenario703,0
scenario704,0
scenario705,0
scenario706,0
scenario707,0
scenario708,0
scenario709,0
scenario710,0
scenario711,0
scenario712,0
scenario713,0
scenario714,0
scenario715,0
scenario716,0
scenario717,0
scenario718,0
scenario719,0
scenario720,0
scenario721,0
scenario722,0
scenario723,0
scenario724,0
scenario725,0
scenario726,0
scenario727,0
scenario728,0
scenario729,0
scenario730,0
scenario731,0
scenario732,0
scenario733,0
scenario734,0
scenario735,0
scenario736,0
scenario737,0
scenario738,0
scenario739,0
scenario740,0
scenario741,0
scenario742,0
scenario743,0
scenario744,0
scenario745,0
scenario746,0
scenario747,0
scenario748,0
scenario749,0
scenario750,0
scenario751,0
scenario752,0
scenario753,0
scenario754,0
scenario755,0
scenario756,0
scenario757,0
scenario758,0
scenario759,0
scenario760,0
scenario761,0
scenario762,0
scenario763,0
scenario764,0
scenario765,0
scenario766,0
scenario767,0
scenario768,0
scenario769,0
scenario770,0
scenario771,0
scenario772,0
scenario773,0
scenario774,0
scenario775,0
scenario776,0
scenario777,0
scenario778,0
scenario779,0
scenario780,0
scenario781,0
scenario782,0
scenario783,0
scenario784,0
scenario785,0
scenario786,0
scenario787,0
scenario788,0
scenario789,0
scenario790,0
scenario791,0
scenario792,0
scenario793,0
scenario794,0
scenario795,0
scenario796,0
scenario797,0
scenario798,0
scenario799,0
scenario800,0
scenario801,0
scenario802,0
scenario803,0
scenario804,0
scenario805,0
scenario806,0
scenario807,0
scenario808,0
scenario809,0
scenario810,0
scenario811,0
scenario812,0
scenario813,0
scenario814,1
scenario815,0
scenario816,0
scenario817,0
scenario818,0
scenario819,0
scenario820,1
scenario821,1
scenario822,1
scenario823,0
scenario824,1
scenario825,1
scenario826,1
scenario827,1
scenario828,1
scenario829,0
scenario830,0
scenario831,1
scenario832,1
scenario833,0
scenario834,1
scenario835,1
scenario836,0
scenario837,0
scenario838,1
scenario839,1
scenario840,1
scenario841,1
scenario842,1
scenario843,1
scenario844,1
scenario845,1
scenario846,0
scenario847,1
scenario848,1
scenario849,1
scenario850,0
scenario851,0
scenario852,1
scenario853,1
scenario854,1
scenario855,1
scenario856,1
scenario857,1
scenario858,1
scenario859,1
scenario860,1
scenario861,1
scenario862,1
scenario863,1
scenario864,1
scenario865,1
scenario866,1
scenario867,1
scenario868,1
scenario869,1
scenario870,1
scenario871,0
scenario872,1
scenario873,1
scenario874,1
scenario875,1
scenario876,1
scenario877,1
scenario878,1
scenario879,0
scenario880,0
scenario881,0
scenario882,0
scenario883,0
scenario884,0
scenario885,0
scenario886,0
scenario887,0
scenario888,0
scenario889,0
scenario890,0
scenario891,0
scenario892,0
scenario893,0
scenario894,0
scenario895,0
scenario896,0
scenario897,0
scenario898,0
scenario899,0
scenario900,0
scenario901,0
scenario902,0
scenario903,0
scenario904,0
scenario905,0
scenario906,0
scenario907,0
scenario908,0
scenario909,0
scenario910,0
scenario911,0
scenario912,0
scenario913,0
scenario914,0
scenario915,0
scenario916,0
scenario917,0
scenario918,0
scenario919,0
scenario920,0
scenario921,0
scenario922,0
scenario923,0
scenario924,0
scenario925,0
scenario926,0
scenario927,0
scenario928,0
scenario929,0
scenario930,0
scenario931,0
scenario932,0
scenario933,0
scenario934,0
scenario935,0
scenario936,0
scenario937,0
scenario938,0
scenario939,0
scenario940,0
scenario941,0
scenario942,0
scenario943,0
scenario944,0
scenario945,0
scenario946,0
scenario947,0
scenario948,0
scenario949,0
scenario950,0
scenario951,0
scenario952,0
scenario953,0
scenario954,0
scenario955,0
scenario956,0
scenario957,0
scenario958,0
scenario959,0
scenario960,0
scenario961,0
scenario962,0
scenario963,0
scenario964,0
scenario965,0
scenario966,0
scenario967,0
scenario968,0
scenario969,0
scenario970,0
scenario971,0
scenario972,0
scenario973,0
scenario974,0
scenario975,0
scenario976,0
scenario977,0
scenario978,0
scenario979,0
scenario980,0
scenario981,0
scenario982,0
scenario983,0
scenario984,0
scenario985,0
scenario986,0
scenario987,0
scenario988,0
scenario989,0
scenario990,0
scenario991,0
scenario992,0
scenario993,0
scenario994,0
scenario995,0
scenario996,0
scenario997,0
scenario998,0
scenario999,0
scenario1000,0
scenario1001,0
scenario1002,0
scenario1003,0
scenario1004,0
scenario1005,0
scenario1006,0
scenario1007,0
scenario1008,0
scenario1009,0
scenario1010,0
scenario1011,0
scenario1012,0
scenario1013,0
scenario1014,0
scenario1015,0
scenario1016,0
scenario1017,0
scenario1018,0
scenario1019,0
scenario1020,0
scenario1021,0
scenario1022,0
scenario1023,0
scenario1024,0
scenario1025,0
scenario1026,0
scenario1027,0
scenario1028,0
scenario1029,0
scenario1030,0
scenario1031,0
scenario1032,0
scenario1033,0
scenario1034,0
scenario1035,0
scenario1036,0
scenario1037,0
scenario1038,0
scenario1039,0
scenario1040,0
scenario1041,0
scenario1042,0
scenario1043,0
scenario1044,0
scenario1045,0
scenario1046,0
scenario1047,0
scenario1048,0
scenario1049,0
scenario1050,0
scenario1051,0
scenario1052,0
scenario1053,0
scenario1054,0
scenario1055,0
scenario1056,0
scenario1057,0
scenario1058,0
scenario1059,0
scenario1060,0
scenario1061,0
scenario1062,0
scenario1063,0
scenario1064,0
scenario1065,0
scenario1066,0
scenario1067,0
scenario1068,0
scenario1069,0
scenario1070,0
scenario1071,0
scenario1072,0
scenario1073,0
scenario1074,0
scenario1075,0
scenario1076,0
scenario1077,0
scenario1078,0
scenario1079,0
scenario1080,0
scenario1081,0
scenario1082,0
scenario1083,0
scenario1084,0
scenario1085,0
scenario1086,0
scenario1087,0
scenario1088,0
scenario1089,0
scenario1090,0
scenario1091,0
scenario1092,0
scenario1093,0
scenario1094,0
scenario1095,0
scenario1096,0
scenario1097,0
scenario1098,0
scenario1099,0
scenario1100,0
scenario1101,0
scenario1102,0
scenario1103,0
scenario1104,0
scenario1105,0
scenario1106,0
scenario1107,0
scenario1108,0
scenario1109,0
scenario1110,0
scenario1111,0
scenario1112,0
scenario1113,0
scenario1114,0
scenario1115,0
scenario1116,0
scenario1117,0
scenario1118,0
scenario1119,0
scenario1120,0
scenario1121,0
scenario1122,0
scenario1123,0
scenario1124,0
scenario1125,0
scenario1126,0
scenario1127,0
scenario1128,0
scenario1129,0
scenario1130,0
scenario1131,0
scenario1132,0
scenario1133,0
scenario1134,0
scenario1135,0
scenario1136,0
scenario1137,0
scenario1138,0
scenario1139,0
scenario1140,0
scenario1141,0
scenario1142,0
scenario1143,0
scenario1144,0
scenario1145,0
scenario1146,0
scenario1147,0
scenario1148,0
scenario1149,0
scenario1150,0
scenario1151,0
scenario1152,0
scenario1153,0
scenario1154,0
scenario1155,0
scenario1156,0
scenario1157,0
scenario1158,0
scenario1159,0
scenario1160,0
scenario1161,0
scenario1162,0
scenario1163,0
scenario1164,0
scenario1165,0
scenario1166,0
scenario1167,0
scenario1168,0
scenario1169,0
scenario1170,0
scenario1171,0
scenario1172,0
scenario1173,0
scenario1174,0
scenario1175,0
scenario1176,0
scenario1177,0
scenario1178,0
scenario1179,0
scenario1180,0
scenario1181,0
scenario1182,0
scenario1183,0
scenario1184,0
scenario1185,0
scenario1186,0
scenario1187,0
scenario1188,0
scenario1189,0
scenario1190,0
scenario1191,0
scenario1192,0
scenario1193,0
scenario1194,0
scenario1195,0
scenario1196,0
scenario1197,0
scenario1198,0
scenario1199,0
scenario1200,0
scenario1201,0
scenario1202,0
scenario1203,0
scenario1204,0
scenario1205,0
scenario1206,0
scenario1207,0
scenario1208,0
scenario1209,0
scenario1210,0
scenario1211,0
scenario1212,0
scenario1213,0
scenario1214,0
scenario1215,0
scenario1216,0
scenario1217,0
scenario1218,0
scenario1219,0
scenario1220,0
scenario1221,1
scenario1222,0
scenario1223,0
scenario1224,0
scenario1225,0
scenario1226,1
scenario1227,0
scenario1228,0
scenario1229,0
scenario1230,0
scenario1231,0
scenario1232,0
scenario1233,1
scenario1234,0
scenario1235,0
scenario1236,0
scenario1237,0
scenario1238,0
scenario1239,0
scenario1240,0
scenario1241,0
scenario1242,0
scenario1243,0
scenario1244,0
scenario1245,0
scenario1246,0
scenario1247,0
scenario1248,0
scenario1249,0
scenario1250,0
scenario1251,0
scenario1252,0
scenario1253,0
scenario1254,0
scenario1255,0
scenario1256,0
scenario1257,0
scenario1258,0
scenario1259,0
scenario1260,0
scenario1261,0
scenario1262,0
scenario1263,0
scenario1264,0
scenario1265,0
scenario1266,0
scenario1267,0
scenario1268,0
scenario1269,0
scenario1270,0
scenario1271,0
scenario1272,0
scenario1273,0
scenario1274,0
scenario1275,0
scenario1276,0
scenario1277,0
scenario1278,0
scenario1279,0
scenario1280,0
scenario1281,0
scenario1282,0
scenario1283,0
scenario1284,0
scenario1285,0
scenario1286,0
scenario1287,0
scenario1288,0
scenario1289,0
scenario1290,0
scenario1291,0
scenario1292,0
scenario1293,0
scenario1294,0
scenario1295,0
scenario1296,0
scenario1297,0
scenario1298,0
scenario1299,0
scenario1300,0
scenario1301,0
scenario1302,0
scenario1303,0
scenario1304,0
scenario1305,0
scenario1306,0
scenario1307,0
scenario1308,0
scenario1309,0
scenario1310,0
scenario1311,0
scenario1312,0
scenario1313,0
scenario1314,0
scenario1315,0
scenario1316,0
scenario1317,0
scenario1318,0
scenario1319,0
scenario1320,0
scenario1321,0
scenario1322,0
scenario1323,0
scenario1324,0
scenario1325,0
scenario1326,0
scenario1327,0
scenario1328,0
scenario1329,0
scenario1330,0
scenario1331,0
scenario1332,0
scenario1333,0
scenario1334,0
scenario1335,0
scenario1336,0
scenario1337,0
scenario1338,0
scenario1339,0
scenario1340,0
scenario1341,0
scenario1342,0
scenario1343,0
scenario1344,0
scenario1345,0
scenario1346,0
scenario1347,0
scenario1348,0
scenario1349,0
scenario1350,0
scenario1351,0
scenario1352,0
scenario1353,0
scenario1354,0
scenario1355,0
scenario1356,0
scenario1357,0
scenario1358,0
scenario1359,0
scenario1360,0
scenario1361,0
scenario1362,0
scenario1363,0
scenario1364,0
scenario1365,0
scenario1366,0
scenario1367,0
scenario1368,0
scenario1369,0
scenario1370,0
scenario1371,0
scenario1372,0
scenario1373,0
scenario1374,0
scenario1375,0
scenario1376,0
scenario1377,0
scenario1378,0
scenario1379,0
scenario1380,0
scenario1381,0
scenario1382,0
scenario1383,0
scenario1384,0
scenario1385,0
scenario1386,0
scenario1387,0
scenario1388,0
scenario1389,0
scenario1390,0
scenario1391,0
scenario1392,0
scenario1393,0
scenario1394,0
scenario1395,0
scenario1396,0
scenario1397,0
scenario1398,0
scenario1399,0
scenario1400,0
scenario1401,0
scenario1402,0
scenario1403,0
scenario1404,0
scenario1405,0
scenario1406,0
scenario1407,0
scenario1408,0
scenario1409,0
scenario1410,0
scenario1411,0
scenario1412,0
scenario1413,0
scenario1414,0
scenario1415,0
scenario1416,0
scenario1417,0
scenario1418,0
scenario1419,0
scenario1420,0
scenario1421,0
scenario1422,0
scenario1423,0
scenario1424,0
scenario1425,0
scenario1426,0
scenario1427,0
scenario1428,0
scenario1429,0
scenario1430,0
scenario1431,0
scenario1432,0
scenario1433,0
scenario1434,0
scenario1435,0
scenario1436,0
scenario1437,0
scenario1438,0
scenario1439,0
scenario1440,0
scenario1441,0
scenario1442,0
scenario1443,0
scenario1444,0
scenario1445,0
scenario1446,0
scenario1447,0
scenario1448,0
scenario1449,0
scenario1450,0
scenario1451,0
scenario1452,0
scenario1453,0
scenario1454,0
scenario1455,0
scenario1456,0
scenario1457,0
scenario1458,0
scenario1459,0
scenario1460,0
scenario1461,0
scenario1462,0
scenario1463,0
scenario1464,0
scenario1465,0
scenario1466,0
scenario1467,0
scenario1468,0
scenario1469,0
scenario1470,0
scenario1471,0
scenario1472,0
scenario1473,0
scenario1474,0
scenario1475,0
scenario1476,0
scenario1477,0
scenario1478,0
scenario1479,0
scenario1480,0
scenario1481,0
scenario1482,0
scenario1483,0
scenario1484,0
scenario1485,0
scenario1486,0
scenario1487,0
scenario1488,0
scenario1489,0
scenario1490,0
scenario1491,0
scenario1492,0
scenario1493,0
scenario1494,0
scenario1495,0
scenario1496,0
scenario1497,0
scenario1498,0
scenario1499,0
scenario1500,0
scenario1501,0
scenario1502,0
scenario1503,0
scenario1504,0
scenario1505,0
scenario1506,0
scenario1507,0
scenario1508,0
scenario1509,0
scenario1510,0
scenario1511,0
scenario1512,0
scenario1513,0
scenario1514,0
scenario1515,0
scenario1516,0
scenario1517,0
scenario1518,0
scenario1519,0
scenario1520,0
scenario1521,0
scenario1522,0
scenario1523,0
scenario1524,0
scenario1525,0
scenario1526,0
scenario1527,0
scenario1528,0
scenario1529,0
scenario1530,0
scenario1531,0
scenario1532,0
scenario1533,0
scenario1534,0
scenario1535,0
scenario1536,0
scenario1537,0
scenario1538,0
scenario1539,0
scenario1540,0
scenario1541,0
scenario1542,0
scenario1543,0
scenario1544,0
scenario1545,0
scenario1546,0
scenario1547,0
scenario1548,0
scenario1549,0
scenario1550,0
scenario1551,0
scenario1552,0
scenario1553,0
scenario1554,0
scenario1555,0
scenario1556,0
scenario1557,0
scenario1558,0
scenario1559,0
scenario1560,0
scenario1561,0
scenario1562,0
scenario1563,0
scenario1564,0
scenario1565,0
scenario1566,0
scenario1567,0
scenario1568,0
scenario1569,0
scenario1570,0
scenario1571,0
scenario1572,0
scenario1573,0
scenario1574,0
scenario1575,0
scenario1576,0
scenario1577,0
scenario1578,0
scenario1579,0
scenario1580,0
scenario1581,0
scenario1582,0
scenario1583,0
scenario1584,0
scenario1585,0
scenario1586,0
scenario1587,0
scenario1588,0
scenario1589,0
scenario1590,0
scenario1591,0
scenario1592,0
scenario1593,0
scenario1594,0
scenario1595,0
scenario1596,0
scenario1597,0
scenario1598,0
scenario1599,0
scenario1600,0
scenario1601,0
scenario1602,0
scenario1603,0
scenario1604,0
scenario1605,0
scenario1606,0
scenario1607,0
scenario1608,0
scenario1609,0
scenario1610,0
scenario1611,0
scenario1612,0
scenario1613,0
scenario1614,0
scenario1615,0
scenario1616,0
scenario1617,0
scenario1618,0
scenario1619,0
scenario1620,0
scenario1621,0
scenario1622,0
scenario1623,0
scenario1624,0
scenario1625,0
scenario1626,0
scenario1627,0
scenario1628,0
scenario1629,0
scenario1630,0
scenario1631,0
scenario1632,0
scenario1633,0
scenario1634,0
scenario1635,0
scenario1636,0
scenario1637,0
scenario1638,0
scenario1639,0
scenario1640,0
scenario1641,0
scenario1642,0
scenario1643,0
scenario1644,0
scenario1645,0
scenario1646,0
scenario1647,0
scenario1648,0
scenario1649,0
scenario1650,0
scenario1651,0
scenario1652,0
scenario1653,0
scenario1654,0
scenario1655,0
scenario1656,0
scenario1657,0
scenario1658,0
scenario1659,0
scenario1660,0
scenario1661,0
scenario1662,0
scenario1663,0
scenario1664,0
scenario1665,0
scenario1666,0
scenario1667,0
scenario1668,0
scenario1669,0
scenario1670,0
scenario1671,0
scenario1672,0
scenario1673,0
scenario1674,0
scenario1675,0
scenario1676,0
scenario1677,0
scenario1678,0
scenario1679,0
scenario1680,0
scenario1681,0
scenario1682,0
scenario1683,0
scenario1684,0
scenario1685,0
scenario1686,0
scenario1687,0
scenario1688,0
scenario1689,0
scenario1690,0
scenario1691,0
scenario1692,0
scenario1693,0
scenario1694,0
scenario1695,0
scenario1696,0
scenario1697,0
scenario1698,0
scenario1699,0
scenario1700,0
scenario1701,0
scenario1702,0
scenario1703,0
scenario1704,0
scenario1705,0
scenario1706,0
scenario1707,0
scenario1708,0
scenario1709,0
scenario1710,0
scenario1711,0
scenario1712,0
scenario1713,0
scenario1714,0
scenario1715,0
scenario1716,0
scenario1717,0
scenario1718,0
scenario1719,0
scenario1720,0
scenario1721,0
scenario1722,0
scenario1723,0
scenario1724,0
scenario1725,0
scenario1726,0
scenario1727,0
scenario1728,0
scenario1729,0
scenario1730,0
scenario1731,0
scenario1732,0
scenario1733,0
scenario1734,0
scenario1735,0
scenario1736,0
scenario1737,0
scenario1738,0
scenario1739,0
scenario1740,0
scenario1741,0
scenario1742,0
scenario1743,0
scenario1744,0
scenario1745,0
scenario1746,0
scenario1747,0
scenario1748,0
scenario1749,0
scenario1750,0
scenario1751,0
scenario1752,0
scenario1753,0
scenario1754,0
scenario1755,0
scenario1756,0
scenario1757,0
scenario1758,0
scenario1759,0
scenario1760,0
scenario1761,0
scenario1762,0
scenario1763,0
scenario1764,0
scenario1765,0
scenario1766,0
scenario1767,0
scenario1768,0
scenario1769,0
scenario1770,0
scenario1771,0
scenario1772,0
scenario1773,0
scenario1774,0
scenario1775,0
scenario1776,0
scenario1777,0
scenario1778,0
scenario1779,0
scenario1780,0
scenario1781,0
scenario1782,0
scenario1783,0
scenario1784,0
scenario1785,0
scenario1786,0
scenario1787,0
scenario1788,0
scenario1789,0
scenario1790,0
scenario1791,0
scenario1792,0
scenario1793,0
scenario1794,0
scenario1795,0
scenario1796,0
scenario1797,0
scenario1798,0
scenario1799,0
scenario1800,0
scenario1801,0
scenario1802,0
scenario1803,0
scenario1804,0
scenario1805,0
scenario1806,0
scenario1807,0
scenario1808,0
scenario1809,0
scenario1810,0
scenario1811,0
scenario1812,0
scenario1813,0
scenario1814,0
scenario1815,0
scenario1816,0
scenario1817,0
scenario1818,0
scenario1819,0
scenario1820,0
scenario1821,0
scenario1822,0
scenario1823,0
scenario1824,0
scenario1825,0
scenario1826,0
scenario1827,0
scenario1828,0
scenario1829,0
scenario1830,0
scenario1831,0
scenario1832,0
scenario1833,0
scenario1834,0
scenario1835,0
scenario1836,0
scenario1837,0
scenario1838,0
scenario1839,0
scenario1840,0
scenario1841,0
scenario1842,0
scenario1843,0
scenario1844,0
scenario1845,0
scenario1846,0
scenario1847,0
scenario1848,0
scenario1849,0
scenario1850,0
scenario1851,0
scenario1852,0
scenario1853,0
scenario1854,0
scenario1855,0
scenario1856,0
scenario1857,0
scenario1858,0
scenario1859,0
scenario1860,0
scenario1861,0
scenario1862,0
scenario1863,0
scenario1864,0
scenario1865,0
scenario1866,0
scenario1867,0
scenario1868,0
scenario1869,0
scenario1870,0
scenario1871,0
scenario1872,0
scenario1873,0
scenario1874,0
scenario1875,0
scenario1876,0
scenario1877,0
scenario1878,0
scenario1879,0
scenario1880,0
scenario1881,0
scenario1882,0
scenario1883,0
scenario1884,0
scenario1885,0
scenario1886,0
scenario1887,0
scenario1888,0
scenario1889,0
scenario1890,0
scenario1891,0
scenario1892,0
scenario1893,0
scenario1894,0
scenario1895,0
scenario1896,0
scenario1897,0
scenario1898,0
scenario1899,0
scenario1900,0
scenario1901,0
scenario1902,0
scenario1903,0
scenario1904,0
scenario1905,0
scenario1906,0
scenario1907,0
scenario1908,0
scenario1909,0
scenario1910,0
scenario1911,0
scenario1912,0
