Row,IsBetaEasy
scenario0,0
scenario1,1
scenario2,0
scenario3,0
scenario4,0
scenario5,0
scenario6,0
scenario7,0
scenario8,0
scenario9,0
scenario10,0
scenario11,0
scenario12,0
scenario13,0
scenario14,0
scenario15,1
scenario16,0
scenario17,0
scenario18,0
scenario19,0
scenario20,1
scenario21,1
scenario22,0
scenario23,0
scenario24,0
scenario25,0
scenario26,0
scenario27,0
scenario28,0
scenario29,0
scenario30,0
scenario31,0
scenario32,1
scenario33,0
scenario34,0
scenario35,0
scenario36,0
scenario37,0
scenario38,0
scenario39,0
scenario40,0
scenario41,0
scenario42,0
scenario43,0
scenario44,0
scenario45,0
scenario46,0
scenario47,0
scenario48,0
scenario49,0
scenario50,0
scenario51,0
scenario52,0
scenario53,0
scenario54,0
scenario55,0
scenario56,0
scenario57,0
scenario58,0
scenario59,0
scenario60,0
scenario61,0
scenario62,0
scenario63,0
scenario64,0
scenario65,1
scenario66,0
scenario67,0
scenario68,0
scenario69,0
scenario70,1
scenario71,0
scenario72,1
scenario73,0
scenario74,0
scenario75,0
scenario76,0
scenario77,0
scenario78,0
scenario79,0
scenario80,0
scenario81,0
scenario82,0
scenario83,0
scenario84,0
scenario85,0
scenario86,0
scenario87,0
scenario88,0
scenario89,0
scenario90,0
scenario91,0
scenario92,0
scenario93,0
scenario94,0
scenario95,0
scenario96,0
scenario97,0
scenario98,0
scenario99,0
scenario100,0
scenario101,0
scenario102,0
scenario103,0
scenario104,0
scenario105,0
scenario106,0
scenario107,0
scenario108,0
scenario109,0
scenario110,0
scenario111,0
scenario112,1
scenario113,0
scenario114,0
scenario115,0
scenario116,0
scenario117,0
scenario118,0
scenario119,0
scenario120,0
scenario121,0
scenario122,0
scenario123,0
scenario124,1
scenario125,0
scenario126,0
scenario127,0
scenario128,0
scenario129,0
scenario130,0
scenario131,0
scenario132,0
scenario133,0
scenario134,0
scenario135,0
scenario136,0
scenario137,0
scenario138,0
scenario139,0
scenario140,0
scenario141,0
scenario142,0
scenario143,1
scenario144,0
scenario145,0
scenario146,0
scenario147,0
scenario148,0
scenario149,0
scenario150,0
scenario151,0
scenario152,0
scenario153,0
scenario154,0
scenario155,0
scenario156,0
scenario157,0
scenario158,0
scenario159,0
scenario160,1
scenario161,0
scenario162,0
scenario163,0
scenario164,1
scenario165,0
scenario166,0
scenario167,0
scenario168,0
scenario169,0
scenario170,0
scenario171,1
scenario172,0
scenario173,0
scenario174,0
scenario175,0
scenario176,0
scenario177,0
scenario178,0
scenario179,0
scenario180,1
scenario181,0
scenario182,0
scenario183,0
scenario184,0
scenario185,0
scenario186,1
scenario187,0
scenario188,0
scenario189,0
scenario190,0
scenario191,0
scenario192,0
scenario193,1
scenario194,0
scenario195,0
scenario196,0
scenario197,0
scenario198,0
scenario199,0
scenario200,0
scenario201,1
scenario202,0
scenario203,0
scenario204,0
scenario205,0
scenario206,0
scenario207,1
scenario208,0
scenario209,0
scenario210,0
scenario211,0
scenario212,0
scenario213,1
scenario214,0
scenario215,0
scenario216,0
scenario217,0
scenario218,0
scenario219,0
scenario220,0
scenario221,0
scenario222,0
scenario223,1
scenario224,0
scenario225,0
scenario226,1
scenario227,0
scenario228,0
scenario229,0
scenario230,1
scenario231,0
scenario232,0
scenario233,0
scenario234,0
scenario235,0
scenario236,0
scenario237,0
scenario238,0
scenario239,0
scenario240,0
scenario241,0
scenario242,0
scenario243,0
scenario244,0
scenario245,0
scenario246,1
scenario247,0
scenario248,0
scenario249,0
scenario250,0
scenario251,0
scenario252,0
scenario253,0
scenario254,0
scenario255,1
scenario256,0
scenario257,0
scenario258,0
scenario259,0
scenario260,0
scenario261,1
scenario262,0
scenario263,0
scenario264,1
scenario265,1
scenario266,0
scenario267,0
scenario268,0
scenario269,0
scenario270,0
scenario271,0
scenario272,0
scenario273,0
scenario274,0
scenario275,0
scenario276,0
scenario277,0
scenario278,0
scenario279,0
scenario280,0
scenario281,0
scenario282,0
scenario283,0
scenario284,0
scenario285,0
scenario286,0
scenario287,0
scenario288,0
scenario289,0
scenario290,0
scenario291,0
scenario292,0
scenario293,0
scenario294,0
scenario295,0
scenario296,0
scenario297,0
scenario298,0
scenario299,0
scenario300,0
scenario301,0
scenario302,0
scenario303,0
scenario304,0
scenario305,0
scenario306,0
scenario307,0
scenario308,0
scenario309,0
scenario310,0
scenario311,0
scenario312,0
scenario313,0
scenario314,0
scenario315,0
scenario316,0
scenario317,0
scenario318,0
scenario319,0
scenario320,0
scenario321,0
scenario322,1
scenario323,0
scenario324,0
scenario325,0
scenario326,0
scenario327,0
scenario328,0
scenario329,0
scenario330,0
scenario331,0
scenario332,0
scenario333,0
scenario334,0
scenario335,1
scenario336,0
scenario337,0
scenario338,0
scenario339,1
scenario340,0
scenario341,0
scenario342,0
scenario343,0
scenario344,0
scenario345,0
scenario346,0
scenario347,0
scenario348,0
scenario349,1
scenario350,0
scenario351,0
scenario352,0
scenario353,0
scenario354,0
scenario355,0
scenario356,0
scenario357,0
scenario358,0
scenario359,0
scenario360,0
scenario361,0
scenario362,0
scenario363,0
scenario364,0
scenario365,0
scenario366,0
scenario367,0
scenario368,0
scenario369,0
scenario370,0
scenario371,0
scenario372,0
scenario373,0
scenario374,0
scenario375,0
scenario376,0
scenario377,0
scenario378,0
scenario379,0
scenario380,0
scenario381,0
scenario382,0
scenario383,0
scenario384,0
scenario385,0
scenario386,1
scenario387,0
scenario388,0
scenario389,1
scenario390,1
scenario391,0
scenario392,0
scenario393,0
scenario394,0
scenario395,0
scenario396,0
scenario397,1
scenario398,0
scenario399,1
scenario400,0
scenario401,0
scenario402,1
scenario403,0
scenario404,0
scenario405,0
scenario406,0
scenario407,0
scenario408,0
scenario409,0
scenario410,0
scenario411,0
scenario412,0
scenario413,1
scenario414,0
scenario415,0
scenario416,1
scenario417,1
scenario418,1
scenario419,1
scenario420,0
scenario421,0
scenario422,1
scenario423,1
scenario424,1
scenario425,1
scenario426,1
scenario427,0
scenario428,0
scenario429,1
scenario430,1
scenario431,1
scenario432,1
scenario433,0
scenario434,1
scenario435,1
scenario436,0
scenario437,1
scenario438,1
scenario439,0
scenario440,1
scenario441,0
scenario442,1
scenario443,1
scenario444,1
scenario445,1
scenario446,1
scenario447,1
scenario448,1
scenario449,1
scenario450,1
scenario451,1
scenario452,0
scenario453,0
scenario454,0
scenario455,0
scenario456,1
scenario457,0
scenario458,1
scenario459,0
scenario460,1
scenario461,1
scenario462,1
scenario463,0
scenario464,0
scenario465,0
scenario466,0
scenario467,0
scenario468,0
scenario469,0
scenario470,0
scenario471,0
scenario472,0
scenario473,0
scenario474,0
scenario475,1
scenario476,0
scenario477,0
scenario478,0
scenario479,1
scenario480,1
scenario481,1
scenario482,0
scenario483,1
scenario484,1
scenario485,0
scenario486,1
scenario487,1
scenario488,0
scenario489,1
scenario490,1
scenario491,1
scenario492,0
scenario493,1
scenario494,1
scenario495,1
scenario496,0
scenario497,0
scenario498,0
scenario499,0
scenario500,0
scenario501,1
scenario502,0
scenario503,0
scenario504,0
scenario505,0
scenario506,0
scenario507,0
scenario508,0
scenario509,0
scenario510,1
scenario511,0
scenario512,0
scenario513,0
scenario514,0
scenario515,0
scenario516,0
scenario517,0
scenario518,0
scenario519,0
scenario520,0
scenario521,0
scenario522,0
scenario523,0
scenario524,0
scenario525,0
scenario526,0
scenario527,0
scenario528,0
scenario529,0
scenario530,1
scenario531,0
scenario532,0
scenario533,0
scenario534,0
scenario535,1
scenario536,0
scenario537,1
scenario538,1
scenario539,1
scenario540,1
scenario541,0
scenario542,1
scenario543,1
scenario544,1
scenario545,1
scenario546,1
scenario547,1
scenario548,1
scenario549,1
scenario550,1
scenario551,1
scenario552,1
scenario553,1
scenario554,0
scenario555,1
scenario556,1
scenario557,1
scenario558,1
scenario559,1
scenario560,1
scenario561,1
scenario562,1
scenario563,1
scenario564,1
scenario565,1
scenario566,1
scenario567,0
scenario568,1
scenario569,1
scenario570,1
scenario571,1
scenario572,0
scenario573,1
scenario574,1
scenario575,1
scenario576,1
scenario577,1
scenario578,0
scenario579,0
scenario580,1
scenario581,0
scenario582,1
scenario583,1
scenario584,0
scenario585,0
scenario586,1
scenario587,0
scenario588,0
scenario589,0
scenario590,0
scenario591,1
scenario592,1
scenario593,1
scenario594,1
scenario595,0
scenario596,1
scenario597,1
scenario598,1
scenario599,0
scenario600,1
scenario601,1
scenario602,1
scenario603,1
scenario604,1
scenario605,0
scenario606,1
scenario607,1
scenario608,1
scenario609,1
scenario610,0
scenario611,1
scenario612,0
scenario613,0
scenario614,0
scenario615,0
scenario616,0
scenario617,0
scenario618,0
scenario619,0
scenario620,0
scenario621,0
scenario622,1
scenario623,0
scenario624,0
scenario625,0
scenario626,0
scenario627,0
scenario628,0
scenario629,0
scenario630,0
scenario631,0
scenario632,0
scenario633,0
scenario634,0
scenario635,0
scenario636,0
scenario637,0
scenario638,0
scenario639,0
scenario640,0
scenario641,0
scenario642,1
scenario643,1
scenario644,1
scenario645,1
scenario646,1
scenario647,1
scenario648,1
scenario649,1
scenario650,1
scenario651,0
scenario652,0
scenario653,0
scenario654,1
scenario655,1
scenario656,1
scenario657,0
scenario658,0
scenario659,0
scenario660,0
scenario661,0
scenario662,0
scenario663,0
scenario664,0
scenario665,0
scenario666,0
scenario667,0
scenario668,0
scenario669,0
scenario670,0
scenario671,0
scenario672,0
scenario673,0
scenario674,0
scenario675,0
scenario676,0
scenario677,1
scenario678,0
scenario679,1
scenario680,1
scenario681,1
scenario682,0
scenario683,1
scenario684,0
scenario685,0
scenario686,1
scenario687,1
scenario688,1
scenario689,1
scenario690,1
scenario691,1
scenario692,1
scenario693,1
scenario694,0
scenario695,0
scenario696,0
scenario697,0
scenario698,0
scenario699,0
scenario700,0
scenario701,0
scenario702,0
scenario703,0
scenario704,0
scenario705,0
scenario706,0
scenario707,0
scenario708,0
scenario709,0
scenario710,0
scenario711,1
scenario712,1
scenario713,1
scenario714,0
scenario715,1
scenario716,1
scenario717,1
scenario718,0
scenario719,1
scenario720,1
scenario721,0
scenario722,1
scenario723,1
scenario724,1
scenario725,1
scenario726,0
scenario727,0
scenario728,1
scenario729,1
scenario730,1
scenario731,0
scenario732,0
scenario733,0
scenario734,0
scenario735,0
scenario736,0
scenario737,1
scenario738,0
scenario739,0
scenario740,0
scenario741,0
scenario742,1
scenario743,1
scenario744,1
scenario745,1
scenario746,1
scenario747,0
scenario748,0
scenario749,0
scenario750,0
scenario751,0
scenario752,1
scenario753,1
scenario754,1
scenario755,0
scenario756,1
scenario757,1
scenario758,1
scenario759,1
scenario760,0
scenario761,1
scenario762,1
scenario763,1
scenario764,1
scenario765,1
scenario766,0
scenario767,0
scenario768,0
scenario769,1
scenario770,0
scenario771,1
scenario772,0
scenario773,0
scenario774,0
scenario775,0
scenario776,1
scenario777,0
scenario778,0
scenario779,0
scenario780,0
scenario781,0
scenario782,1
scenario783,1
scenario784,0
scenario785,0
scenario786,1
scenario787,0
scenario788,0
scenario789,0
scenario790,1
scenario791,0
scenario792,0
scenario793,0
scenario794,1
scenario795,0
scenario796,0
scenario797,1
scenario798,1
scenario799,0
scenario800,0
scenario801,0
scenario802,0
scenario803,1
scenario804,0
scenario805,0
scenario806,0
scenario807,0
scenario808,0
scenario809,0
scenario810,0
scenario811,0
scenario812,0
scenario813,0
scenario814,1
scenario815,0
scenario816,0
scenario817,0
scenario818,0
scenario819,0
scenario820,0
scenario821,0
scenario822,1
scenario823,0
scenario824,0
scenario825,1
scenario826,1
scenario827,1
scenario828,1
scenario829,0
scenario830,0
scenario831,1
scenario832,1
scenario833,0
scenario834,1
scenario835,1
scenario836,0
scenario837,0
scenario838,1
scenario839,1
scenario840,1
scenario841,1
scenario842,1
scenario843,1
scenario844,1
scenario845,1
scenario846,0
scenario847,1
scenario848,1
scenario849,1
scenario850,0
scenario851,0
scenario852,1
scenario853,1
scenario854,1
scenario855,1
scenario856,1
scenario857,1
scenario858,1
scenario859,1
scenario860,1
scenario861,1
scenario862,1
scenario863,1
scenario864,1
scenario865,1
scenario866,1
scenario867,1
scenario868,1
scenario869,1
scenario870,1
scenario871,0
scenario872,1
scenario873,1
scenario874,1
scenario875,1
scenario876,1
scenario877,1
scenario878,1
scenario879,0
scenario880,0
scenario881,0
scenario882,0
scenario883,0
scenario884,0
scenario885,0
scenario886,0
scenario887,1
scenario888,0
scenario889,0
scenario890,0
scenario891,0
scenario892,1
scenario893,1
scenario894,0
scenario895,0
scenario896,0
scenario897,1
scenario898,1
scenario899,1
scenario900,1
scenario901,1
scenario902,0
scenario903,0
scenario904,1
scenario905,1
scenario906,1
scenario907,1
scenario908,1
scenario909,1
scenario910,1
scenario911,1
scenario912,0
scenario913,1
scenario914,1
scenario915,0
scenario916,0
scenario917,1
scenario918,0
scenario919,1
scenario920,1
scenario921,1
scenario922,0
scenario923,1
scenario924,0
scenario925,0
scenario926,0
scenario927,1
scenario928,0
scenario929,1
scenario930,1
scenario931,1
scenario932,1
scenario933,1
scenario934,1
scenario935,0
scenario936,0
scenario937,0
scenario938,0
scenario939,0
scenario940,1
scenario941,0
scenario942,0
scenario943,1
scenario944,0
scenario945,0
scenario946,0
scenario947,1
scenario948,0
scenario949,1
scenario950,0
scenario951,1
scenario952,1
scenario953,1
scenario954,0
scenario955,1
scenario956,1
scenario957,0
scenario958,1
scenario959,0
scenario960,0
scenario961,0
scenario962,0
scenario963,0
scenario964,0
scenario965,0
scenario966,0
scenario967,0
scenario968,0
scenario969,0
scenario970,0
scenario971,0
scenario972,0
scenario973,1
scenario974,0
scenario975,0
scenario976,0
scenario977,1
scenario978,0
scenario979,0
scenario980,0
scenario981,0
scenario982,1
scenario983,0
scenario984,0
scenario985,1
scenario986,0
scenario987,1
scenario988,0
scenario989,1
scenario990,1
scenario991,1
scenario992,0
scenario993,1
scenario994,1
scenario995,1
scenario996,0
scenario997,0
scenario998,1
scenario999,1
scenario1000,1
scenario1001,0
scenario1002,1
scenario1003,0
scenario1004,0
scenario1005,1
scenario1006,0
scenario1007,0
scenario1008,1
scenario1009,1
scenario1010,0
scenario1011,1
scenario1012,0
scenario1013,1
scenario1014,1
scenario1015,0
scenario1016,0
scenario1017,1
scenario1018,0
scenario1019,0
scenario1020,0
scenario1021,1
scenario1022,0
scenario1023,1
scenario1024,0
scenario1025,0
scenario1026,1
scenario1027,1
scenario1028,1
scenario1029,1
scenario1030,0
scenario1031,0
scenario1032,1
scenario1033,0
scenario1034,1
scenario1035,1
scenario1036,0
scenario1037,1
scenario1038,0
scenario1039,0
scenario1040,1
scenario1041,0
scenario1042,1
scenario1043,1
scenario1044,0
scenario1045,0
scenario1046,1
scenario1047,0
scenario1048,0
scenario1049,0
scenario1050,1
scenario1051,1
scenario1052,0
scenario1053,0
scenario1054,1
scenario1055,0
scenario1056,1
scenario1057,1
scenario1058,1
scenario1059,1
scenario1060,1
scenario1061,0
scenario1062,1
scenario1063,0
scenario1064,1
scenario1065,0
scenario1066,0
scenario1067,1
scenario1068,0
scenario1069,0
scenario1070,1
scenario1071,0
scenario1072,1
scenario1073,1
scenario1074,1
scenario1075,1
scenario1076,1
scenario1077,0
scenario1078,0
scenario1079,0
scenario1080,1
scenario1081,1
scenario1082,1
scenario1083,1
scenario1084,0
scenario1085,1
scenario1086,0
scenario1087,1
scenario1088,0
scenario1089,0
scenario1090,1
scenario1091,0
scenario1092,0
scenario1093,0
scenario1094,0
scenario1095,0
scenario1096,0
scenario1097,0
scenario1098,0
scenario1099,0
scenario1100,0
scenario1101,0
scenario1102,1
scenario1103,0
scenario1104,1
scenario1105,0
scenario1106,0
scenario1107,0
scenario1108,0
scenario1109,0
scenario1110,0
scenario1111,0
scenario1112,0
scenario1113,0
scenario1114,0
scenario1115,0
scenario1116,0
scenario1117,0
scenario1118,0
scenario1119,0
scenario1120,0
scenario1121,1
scenario1122,0
scenario1123,1
scenario1124,1
scenario1125,1
scenario1126,0
scenario1127,1
scenario1128,1
scenario1129,0
scenario1130,1
scenario1131,0
scenario1132,1
scenario1133,1
scenario1134,1
scenario1135,1
scenario1136,0
scenario1137,0
scenario1138,1
scenario1139,1
scenario1140,1
scenario1141,1
scenario1142,1
scenario1143,1
scenario1144,1
scenario1145,0
scenario1146,1
scenario1147,1
scenario1148,1
scenario1149,1
scenario1150,1
scenario1151,0
scenario1152,0
scenario1153,1
scenario1154,1
scenario1155,0
scenario1156,1
scenario1157,0
scenario1158,1
scenario1159,1
scenario1160,1
scenario1161,1
scenario1162,0
scenario1163,1
scenario1164,0
scenario1165,0
scenario1166,0
scenario1167,0
scenario1168,1
scenario1169,0
scenario1170,0
scenario1171,1
scenario1172,0
scenario1173,0
scenario1174,1
scenario1175,0
scenario1176,1
scenario1177,0
scenario1178,1
scenario1179,1
scenario1180,0
scenario1181,0
scenario1182,1
scenario1183,0
scenario1184,0
scenario1185,1
scenario1186,1
scenario1187,1
scenario1188,1
scenario1189,0
scenario1190,0
scenario1191,1
scenario1192,1
scenario1193,1
scenario1194,1
scenario1195,1
scenario1196,1
scenario1197,0
scenario1198,1
scenario1199,1
scenario1200,1
scenario1201,1
scenario1202,1
scenario1203,0
scenario1204,0
scenario1205,0
scenario1206,0
scenario1207,0
scenario1208,1
scenario1209,0
scenario1210,0
scenario1211,1
scenario1212,0
scenario1213,0
scenario1214,1
scenario1215,0
scenario1216,0
scenario1217,0
scenario1218,1
scenario1219,1
scenario1220,1
scenario1221,0
scenario1222,0
scenario1223,0
scenario1224,0
scenario1225,0
scenario1226,0
scenario1227,0
scenario1228,0
scenario1229,0
scenario1230,0
scenario1231,0
scenario1232,0
scenario1233,0
scenario1234,0
scenario1235,0
scenario1236,0
scenario1237,0
scenario1238,0
scenario1239,0
scenario1240,0
scenario1241,0
scenario1242,0
scenario1243,0
scenario1244,0
scenario1245,0
scenario1246,1
scenario1247,1
scenario1248,1
scenario1249,1
scenario1250,1
scenario1251,1
scenario1252,1
scenario1253,1
scenario1254,1
scenario1255,0
scenario1256,0
scenario1257,0
scenario1258,0
scenario1259,1
scenario1260,0
scenario1261,0
scenario1262,1
scenario1263,1
scenario1264,0
scenario1265,0
scenario1266,1
scenario1267,0
scenario1268,1
scenario1269,1
scenario1270,1
scenario1271,1
scenario1272,0
scenario1273,0
scenario1274,1
scenario1275,0
scenario1276,0
scenario1277,0
scenario1278,1
scenario1279,1
scenario1280,0
scenario1281,1
scenario1282,0
scenario1283,0
scenario1284,0
scenario1285,1
scenario1286,0
scenario1287,1
scenario1288,1
scenario1289,0
scenario1290,1
scenario1291,0
scenario1292,0
scenario1293,1
scenario1294,1
scenario1295,0
scenario1296,0
scenario1297,1
scenario1298,0
scenario1299,1
scenario1300,0
scenario1301,0
scenario1302,0
scenario1303,0
scenario1304,1
scenario1305,0
scenario1306,1
scenario1307,1
scenario1308,1
scenario1309,1
scenario1310,1
scenario1311,1
scenario1312,1
scenario1313,1
scenario1314,1
scenario1315,1
scenario1316,0
scenario1317,1
scenario1318,0
scenario1319,0
scenario1320,0
scenario1321,0
scenario1322,0
scenario1323,0
scenario1324,0
scenario1325,0
scenario1326,0
scenario1327,0
scenario1328,0
scenario1329,0
scenario1330,0
scenario1331,0
scenario1332,0
scenario1333,0
scenario1334,0
scenario1335,0
scenario1336,0
scenario1337,0
scenario1338,0
scenario1339,0
scenario1340,0
scenario1341,0
scenario1342,0
scenario1343,0
scenario1344,0
scenario1345,0
scenario1346,0
scenario1347,0
scenario1348,0
scenario1349,0
scenario1350,0
scenario1351,0
scenario1352,0
scenario1353,0
scenario1354,0
scenario1355,0
scenario1356,0
scenario1357,0
scenario1358,1
scenario1359,0
scenario1360,0
scenario1361,1
scenario1362,1
scenario1363,0
scenario1364,0
scenario1365,0
scenario1366,0
scenario1367,0
scenario1368,0
scenario1369,0
scenario1370,0
scenario1371,0
scenario1372,0
scenario1373,0
scenario1374,0
scenario1375,0
scenario1376,1
scenario1377,1
scenario1378,0
scenario1379,0
scenario1380,0
scenario1381,0
scenario1382,0
scenario1383,0
scenario1384,0
scenario1385,0
scenario1386,0
scenario1387,1
scenario1388,0
scenario1389,0
scenario1390,1
scenario1391,1
scenario1392,0
scenario1393,0
scenario1394,1
scenario1395,0
scenario1396,0
scenario1397,0
scenario1398,0
scenario1399,1
scenario1400,1
scenario1401,0
scenario1402,0
scenario1403,1
scenario1404,0
scenario1405,0
scenario1406,1
scenario1407,0
scenario1408,0
scenario1409,0
scenario1410,0
scenario1411,0
scenario1412,0
scenario1413,0
scenario1414,0
scenario1415,0
scenario1416,0
scenario1417,0
scenario1418,0
scenario1419,0
scenario1420,0
scenario1421,0
scenario1422,0
scenario1423,0
scenario1424,0
scenario1425,0
scenario1426,0
scenario1427,0
scenario1428,0
scenario1429,0
scenario1430,0
scenario1431,0
scenario1432,0
scenario1433,0
scenario1434,0
scenario1435,0
scenario1436,0
scenario1437,0
scenario1438,0
scenario1439,0
scenario1440,0
scenario1441,0
scenario1442,0
scenario1443,0
scenario1444,0
scenario1445,1
scenario1446,1
scenario1447,0
scenario1448,0
scenario1449,0
scenario1450,0
scenario1451,0
scenario1452,0
scenario1453,0
scenario1454,0
scenario1455,0
scenario1456,0
scenario1457,0
scenario1458,0
scenario1459,0
scenario1460,0
scenario1461,0
scenario1462,0
scenario1463,0
scenario1464,0
scenario1465,0
scenario1466,0
scenario1467,0
scenario1468,0
scenario1469,0
scenario1470,0
scenario1471,0
scenario1472,0
scenario1473,1
scenario1474,0
scenario1475,1
scenario1476,0
scenario1477,1
scenario1478,1
scenario1479,0
scenario1480,1
scenario1481,1
scenario1482,1
scenario1483,1
scenario1484,1
scenario1485,0
scenario1486,1
scenario1487,1
scenario1488,0
scenario1489,1
scenario1490,0
scenario1491,0
scenario1492,0
scenario1493,1
scenario1494,0
scenario1495,1
scenario1496,0
scenario1497,1
scenario1498,0
scenario1499,1
scenario1500,1
scenario1501,0
scenario1502,1
scenario1503,0
scenario1504,0
scenario1505,0
scenario1506,1
scenario1507,1
scenario1508,0
scenario1509,0
scenario1510,0
scenario1511,1
scenario1512,1
scenario1513,0
scenario1514,0
scenario1515,1
scenario1516,0
scenario1517,0
scenario1518,0
scenario1519,0
scenario1520,0
scenario1521,1
scenario1522,0
scenario1523,1
scenario1524,0
scenario1525,0
scenario1526,0
scenario1527,0
scenario1528,0
scenario1529,0
scenario1530,0
scenario1531,0
scenario1532,0
scenario1533,0
scenario1534,1
scenario1535,0
scenario1536,0
scenario1537,0
scenario1538,0
scenario1539,0
scenario1540,1
scenario1541,0
scenario1542,0
scenario1543,1
scenario1544,1
scenario1545,0
scenario1546,0
scenario1547,0
scenario1548,1
scenario1549,0
scenario1550,0
scenario1551,0
scenario1552,0
scenario1553,0
scenario1554,1
scenario1555,0
scenario1556,0
scenario1557,1
scenario1558,0
scenario1559,0
scenario1560,1
scenario1561,1
scenario1562,0
scenario1563,0
scenario1564,0
scenario1565,0
scenario1566,1
scenario1567,0
scenario1568,0
scenario1569,1
scenario1570,0
scenario1571,1
scenario1572,0
scenario1573,1
scenario1574,0
scenario1575,0
scenario1576,0
scenario1577,0
scenario1578,0
scenario1579,0
scenario1580,1
scenario1581,1
scenario1582,0
scenario1583,0
scenario1584,0
scenario1585,0
scenario1586,1
scenario1587,0
scenario1588,0
scenario1589,0
scenario1590,0
scenario1591,0
scenario1592,0
scenario1593,0
scenario1594,0
scenario1595,0
scenario1596,0
scenario1597,0
scenario1598,0
scenario1599,0
scenario1600,0
scenario1601,1
scenario1602,0
scenario1603,0
scenario1604,0
scenario1605,0
scenario1606,0
scenario1607,0
scenario1608,1
scenario1609,1
scenario1610,0
scenario1611,0
scenario1612,1
scenario1613,0
scenario1614,0
scenario1615,0
scenario1616,1
scenario1617,0
scenario1618,0
scenario1619,0
scenario1620,0
scenario1621,0
scenario1622,0
scenario1623,0
scenario1624,0
scenario1625,0
scenario1626,0
scenario1627,0
scenario1628,1
scenario1629,0
scenario1630,1
scenario1631,0
scenario1632,0
scenario1633,0
scenario1634,0
scenario1635,0
scenario1636,1
scenario1637,0
scenario1638,1
scenario1639,0
scenario1640,0
scenario1641,0
scenario1642,0
scenario1643,0
scenario1644,0
scenario1645,0
scenario1646,0
scenario1647,0
scenario1648,0
scenario1649,0
scenario1650,0
scenario1651,0
scenario1652,0
scenario1653,1
scenario1654,0
scenario1655,0
scenario1656,1
scenario1657,0
scenario1658,0
scenario1659,0
scenario1660,1
scenario1661,1
scenario1662,0
scenario1663,1
scenario1664,0
scenario1665,0
scenario1666,0
scenario1667,0
scenario1668,0
scenario1669,1
scenario1670,0
scenario1671,1
scenario1672,0
scenario1673,1
scenario1674,0
scenario1675,0
scenario1676,0
scenario1677,0
scenario1678,0
scenario1679,0
scenario1680,0
scenario1681,1
scenario1682,0
scenario1683,0
scenario1684,0
scenario1685,0
scenario1686,1
scenario1687,0
scenario1688,0
scenario1689,0
scenario1690,0
scenario1691,0
scenario1692,0
scenario1693,0
scenario1694,0
scenario1695,0
scenario1696,0
scenario1697,0
scenario1698,1
scenario1699,0
scenario1700,0
scenario1701,0
scenario1702,1
scenario1703,0
scenario1704,0
scenario1705,1
scenario1706,0
scenario1707,0
scenario1708,0
scenario1709,0
scenario1710,0
scenario1711,0
scenario1712,1
scenario1713,1
scenario1714,0
scenario1715,0
scenario1716,1
scenario1717,0
scenario1718,0
scenario1719,0
scenario1720,0
scenario1721,0
scenario1722,0
scenario1723,0
scenario1724,0
scenario1725,0
scenario1726,0
scenario1727,0
scenario1728,0
scenario1729,0
scenario1730,1
scenario1731,0
scenario1732,0
scenario1733,0
scenario1734,1
scenario1735,0
scenario1736,0
scenario1737,0
scenario1738,0
scenario1739,0
scenario1740,0
scenario1741,1
scenario1742,0
scenario1743,0
scenario1744,0
scenario1745,0
scenario1746,1
scenario1747,0
scenario1748,1
scenario1749,0
scenario1750,0
scenario1751,0
scenario1752,0
scenario1753,1
scenario1754,1
scenario1755,0
scenario1756,0
scenario1757,0
scenario1758,0
scenario1759,0
scenario1760,0
scenario1761,0
scenario1762,0
scenario1763,0
scenario1764,0
scenario1765,0
scenario1766,0
scenario1767,0
scenario1768,0
scenario1769,0
scenario1770,1
scenario1771,1
scenario1772,0
scenario1773,0
scenario1774,0
scenario1775,0
scenario1776,0
scenario1777,0
scenario1778,0
scenario1779,1
scenario1780,1
scenario1781,0
scenario1782,0
scenario1783,0
scenario1784,0
scenario1785,0
scenario1786,0
scenario1787,0
scenario1788,0
scenario1789,0
scenario1790,0
scenario1791,0
scenario1792,0
scenario1793,0
scenario1794,0
scenario1795,1
scenario1796,0
scenario1797,0
scenario1798,0
scenario1799,0
scenario1800,0
scenario1801,0
scenario1802,1
scenario1803,0
scenario1804,0
scenario1805,1
scenario1806,0
scenario1807,0
scenario1808,0
scenario1809,1
scenario1810,0
scenario1811,0
scenario1812,0
scenario1813,1
scenario1814,0
scenario1815,0
scenario1816,0
scenario1817,0
scenario1818,0
scenario1819,0
scenario1820,0
scenario1821,0
scenario1822,1
scenario1823,0
scenario1824,0
scenario1825,1
scenario1826,0
scenario1827,0
scenario1828,0
scenario1829,0
scenario1830,0
scenario1831,0
scenario1832,1
scenario1833,0
scenario1834,0
scenario1835,0
scenario1836,1
scenario1837,0
scenario1838,1
scenario1839,0
scenario1840,0
scenario1841,0
scenario1842,0
scenario1843,0
scenario1844,1
scenario1845,0
scenario1846,0
scenario1847,1
scenario1848,0
scenario1849,0
scenario1850,0
scenario1851,0
scenario1852,0
scenario1853,0
scenario1854,0
scenario1855,0
scenario1856,1
scenario1857,0
scenario1858,0
scenario1859,0
scenario1860,0
scenario1861,0
scenario1862,0
scenario1863,1
scenario1864,0
scenario1865,0
scenario1866,0
scenario1867,0
scenario1868,0
scenario1869,0
scenario1870,0
scenario1871,0
scenario1872,0
scenario1873,0
scenario1874,0
scenario1875,0
scenario1876,0
scenario1877,1
scenario1878,0
scenario1879,0
scenario1880,1
scenario1881,0
scenario1882,0
scenario1883,0
scenario1884,0
scenario1885,0
scenario1886,0
scenario1887,0
scenario1888,1
scenario1889,1
scenario1890,0
scenario1891,0
scenario1892,1
scenario1893,0
scenario1894,0
scenario1895,0
scenario1896,0
scenario1897,0
scenario1898,0
scenario1899,0
scenario1900,0
scenario1901,0
scenario1902,1
scenario1903,1
scenario1904,1
scenario1905,0
scenario1906,0
scenario1907,0
scenario1908,1
scenario1909,0
scenario1910,0
scenario1911,0
scenario1912,0
